ID,Type,SKU,Name,Published,Short description,Description,In stock?,Regular price,Categories,Tags
,simple,CUR-primer-empleado-ia,Tu Primer Empleado de IA,1,"Cómo delegarle tareas repetitivas a un agente de IA sin saber programar.","Cómo delegarle tareas repetitivas a un agente de IA sin saber programar. Duración: 3 semanas.",1,,Academia,"curso,clientum,academia,ia-automatizacion,nivel-principiante,duracion-3-semanas"
,simple,CUR-prompting-pymes,Prompting para Dueños de PyME,1,"Escribí instrucciones claras para que la IA te dé resultados útiles a la primera.","Escribí instrucciones claras para que la IA te dé resultados útiles a la primera. Duración: 2 semanas.",1,,Academia,"curso,clientum,academia,ia-automatizacion,nivel-principiante,duracion-2-semanas"
,simple,CUR-automatiza-flujos-ia,Automatizá tu Negocio con Flujos IA,1,"Conectá tus herramientas del día a día para que trabajen solas.","Conectá tus herramientas del día a día para que trabajen solas. Duración: 4 semanas.",1,,Academia,"curso,clientum,academia,ia-automatizacion,nivel-intermedio,duracion-4-semanas"
,simple,CUR-agentes-ia-ventas,Agentes de IA Aplicados a Ventas,1,"De la teoría a un agente que califica y hace seguimiento de leads real.","De la teoría a un agente que califica y hace seguimiento de leads real. Duración: 5 semanas.",1,,Academia,"curso,clientum,academia,ia-automatizacion,nivel-avanzado,duracion-5-semanas"
,simple,CUR-bot-whatsapp-sin-codigo,Armá tu Bot de WhatsApp sin Código,1,"Configurá un chatbot que responda consultas 24/7 con el CRM de base.","Configurá un chatbot que responda consultas 24/7 con el CRM de base. Duración: 3 semanas.",1,,Academia,"curso,clientum,academia,atencion-cliente,nivel-principiante,duracion-3-semanas"
,simple,CUR-bot-atencion-medida,Bot de Atención al Cliente a Medida,1,"Personalizá respuestas, tono y derivación a humano en tu bot.","Personalizá respuestas, tono y derivación a humano en tu bot. Duración: 4 semanas.",1,,Academia,"curso,clientum,academia,atencion-cliente,nivel-intermedio,duracion-4-semanas"
,simple,CUR-sitio-web-finde,Tu Sitio Web en un Fin de Semana,1,"Armá una landing profesional con herramientas de IA, sin diseñador.","Armá una landing profesional con herramientas de IA, sin diseñador. Duración: 2 semanas.",1,,Academia,"curso,clientum,academia,presencia-web,nivel-principiante,duracion-2-semanas"
,simple,CUR-imagenes-video-ia,Imágenes y Video de Producto con IA,1,"Fotografía y reels de calidad publicitaria sin cámara ni estudio.","Fotografía y reels de calidad publicitaria sin cámara ni estudio. Duración: 3 semanas.",1,,Academia,"curso,clientum,academia,presencia-web,nivel-intermedio,duracion-3-semanas"
,simple,CUR-wordpress-desde-cero,WordPress desde Cero,1,"Planificá y armá tu sitio institucional paso a paso.","Planificá y armá tu sitio institucional paso a paso. Duración: 4 semanas.",1,,Academia,"curso,clientum,academia,wordpress,nivel-principiante,duracion-4-semanas"
,simple,CUR-wordpress-seguro,Mantené tu WordPress Seguro,1,"Staging, backups y protección básica para no romper nada en producción.","Staging, backups y protección básica para no romper nada en producción. Duración: 3 semanas.",1,,Academia,"curso,clientum,academia,wordpress,nivel-intermedio,duracion-3-semanas"
,simple,CUR-tienda-online-vender-mas,Ordená tu Tienda Online para Vender Más,1,"Catálogo, stock y checkout optimizados para conversión.","Catálogo, stock y checkout optimizados para conversión. Duración: 4 semanas.",1,,Academia,"curso,clientum,academia,ecommerce,nivel-principiante,duracion-4-semanas"
,simple,CUR-email-marketing-tienda,Email Marketing para tu Tienda,1,"Conectá tu e-commerce con campañas automáticas de recompra.","Conectá tu e-commerce con campañas automáticas de recompra. Duración: 3 semanas.",1,,Academia,"curso,clientum,academia,ecommerce,nivel-intermedio,duracion-3-semanas"
,simple,CUR-decisiones-con-datos,"Decisiones con Datos, no con Corazonadas",1,"Leé métricas de tu negocio y decidí en base a eso.","Leé métricas de tu negocio y decidí en base a eso. Duración: 3 semanas.",1,,Academia,"curso,clientum,academia,estrategia-negocio,nivel-intermedio,duracion-3-semanas"
,simple,CUR-escala-negocio-digital,Escalá tu Negocio Digital,1,"De la operación manual a procesos que crecen sin vos encima.","De la operación manual a procesos que crecen sin vos encima. Duración: 4 semanas.",1,,Academia,"curso,clientum,academia,estrategia-negocio,nivel-avanzado,duracion-4-semanas"
,simple,CUR-hosting-correcto,Elegí el Hosting Correcto para tu Negocio,1,"Qué mirar antes de contratar hosting: velocidad, soporte y escalabilidad.","Qué mirar antes de contratar hosting: velocidad, soporte y escalabilidad. Duración: 2 semanas.",1,,Academia,"curso,clientum,academia,hosting-dominios,nivel-principiante,duracion-2-semanas"
,simple,CUR-dominio-propio,"Tu Dominio Propio, Bien Configurado",1,"Registro, DNS y correo profesional sin dolores de cabeza.","Registro, DNS y correo profesional sin dolores de cabeza. Duración: 1 semana.",1,,Academia,"curso,clientum,academia,hosting-dominios,nivel-principiante,duracion-1-semana"
,simple,CUR-contenido-redes-vende,Contenido para Redes que Vende,1,"Planificá publicaciones que generan consultas reales, no solo likes.","Planificá publicaciones que generan consultas reales, no solo likes. Duración: 3 semanas.",1,,Academia,"curso,clientum,academia,marketing-digital,nivel-principiante,duracion-3-semanas"
,simple,CUR-del-chat-al-cierre,Del Chat al Cierre,1,"Escalá una conversación de WhatsApp a una venta concreta con tu CRM.","Escalá una conversación de WhatsApp a una venta concreta con tu CRM. Duración: 3 semanas.",1,,Academia,"curso,clientum,academia,atencion-cliente,nivel-intermedio,duracion-3-semanas"
,simple,CUR-pipeline-ventas-ordenado,Tu Pipeline de Ventas Ordenado,1,"Armá un embudo simple para no perder ningún lead en el camino.","Armá un embudo simple para no perder ningún lead en el camino. Duración: 3 semanas.",1,,Academia,"curso,clientum,academia,ventas-crm,nivel-intermedio,duracion-3-semanas"
,simple,CUR-kit-herramientas-digitales,Kit de Herramientas Digitales para Arrancar,1,"Las apps mínimas indispensables para digitalizar tu PyME este mes.","Las apps mínimas indispensables para digitalizar tu PyME este mes. Duración: 2 semanas.",1,,Academia,"curso,clientum,academia,herramientas-digitales,nivel-principiante,duracion-2-semanas"
