TimeUTC,timestampInMs,requestPath,requestMethod,requestQueryString,responseStatusCode,requestId,requestUserAgent,level,environment,branch,vercelCache,type,function,host,deploymentDomain,deploymentId,durationMs,region,maxMemoryUsed,memorySize,message,projectId,traceId,sessionId,invocationId,instanceId,concurrency,workflowRunId,workflowStepId
2026-07-16 20:30:47,1784233847195,clientumlatam-9jsu7uoim-clientumlatam-4461s-projects.vercel.app/api/auth/me,GET,,401,kpg5q-1784233847195-a3ca3efa9d3c,"Mozilla/5.0 (X11; Linux x86_64) AppleWebKit/537.36 (KHTML, like Gecko) HeadlessChrome/141.0.7390.0 Safari/537.36",,preview,fix/pnpm-hoisting,MISS,function,/api/index,clientumlatam-9jsu7uoim-clientumlatam-4461s-projects.vercel.app,clientumlatam-9jsu7uoim-clientumlatam-4461s-projects.vercel.app,dpl_6aUWKwKtGFrJ1um4EZ3zdkvKpUs2,6,iad1,271,2048,,prj_0uY6sP1BovUpUs0SMT2UEdQaI4AY,,,01KXP9ZTH3A303SHBNWBZX3JFZ,ebOnd3bZfAEH,1,,
2026-07-16 20:30:46,1784233846929,clientumlatam-9jsu7uoim-clientumlatam-4461s-projects.vercel.app/api/auth/me,GET,,401,sd4mf-1784233846929-55727eb1d6a4,Mozilla/5.0 (X11; Ubuntu; Linux x86_64; rv:152.0) Gecko/20100101 Firefox/152.0,,preview,fix/pnpm-hoisting,MISS,function,/api/index,clientumlatam-9jsu7uoim-clientumlatam-4461s-projects.vercel.app,clientumlatam-9jsu7uoim-clientumlatam-4461s-projects.vercel.app,dpl_6aUWKwKtGFrJ1um4EZ3zdkvKpUs2,6,iad1,271,2048,,prj_0uY6sP1BovUpUs0SMT2UEdQaI4AY,,,01KXP9ZT728FD36ACXTGQ43DFC,ebOnd3bZfAEH,1,,
2026-07-16 20:30:46,1784233846929,clientumlatam-9jsu7uoim-clientumlatam-4461s-projects.vercel.app/api/auth/me,GET,,401,nc24x-1784233846868-0b3a9751413c,"Mozilla/5.0 (X11; Linux x86_64) AppleWebKit/537.36 (KHTML, like Gecko) HeadlessChrome/141.0.7390.0 Safari/537.36",info,preview,fix/pnpm-hoisting,MISS,function,/api/index,clientumlatam-9jsu7uoim-clientumlatam-4461s-projects.vercel.app,clientumlatam-9jsu7uoim-clientumlatam-4461s-projects.vercel.app,dpl_6aUWKwKtGFrJ1um4EZ3zdkvKpUs2,,,,,◇ injected env (0) from .env // tip: ⌘ suppress logs { quiet: true },prj_0uY6sP1BovUpUs0SMT2UEdQaI4AY,,,,,,,
2026-07-16 20:30:46,1784233846929,clientumlatam-9jsu7uoim-clientumlatam-4461s-projects.vercel.app/api/auth/me,GET,,401,nc24x-1784233846868-0b3a9751413c,"Mozilla/5.0 (X11; Linux x86_64) AppleWebKit/537.36 (KHTML, like Gecko) HeadlessChrome/141.0.7390.0 Safari/537.36",info,preview,fix/pnpm-hoisting,MISS,function,/api/index,clientumlatam-9jsu7uoim-clientumlatam-4461s-projects.vercel.app,clientumlatam-9jsu7uoim-clientumlatam-4461s-projects.vercel.app,dpl_6aUWKwKtGFrJ1um4EZ3zdkvKpUs2,,,,,◇ injected env (0) from .env // tip: ⌘ enable debugging { debug: true },prj_0uY6sP1BovUpUs0SMT2UEdQaI4AY,,,,,,,
2026-07-16 20:30:46,1784233846929,clientumlatam-9jsu7uoim-clientumlatam-4461s-projects.vercel.app/api/auth/me,GET,,401,nc24x-1784233846868-0b3a9751413c,"Mozilla/5.0 (X11; Linux x86_64) AppleWebKit/537.36 (KHTML, like Gecko) HeadlessChrome/141.0.7390.0 Safari/537.36",info,preview,fix/pnpm-hoisting,MISS,function,/api/index,clientumlatam-9jsu7uoim-clientumlatam-4461s-projects.vercel.app,clientumlatam-9jsu7uoim-clientumlatam-4461s-projects.vercel.app,dpl_6aUWKwKtGFrJ1um4EZ3zdkvKpUs2,,,,,"(node:4) Warning: SECURITY WARNING: The SSL modes 'prefer', 'require', and 'verify-ca' are treated as aliases for 'verify-full'.In the next major version (pg-connection-string v3.0.0 and pg v9.0.0), these modes will adopt standard libpq semantics, which have weaker security guarantees.To prepare for this change:- If you want the current behavior, explicitly use 'sslmode=verify-full'- If you want libpq compatibility now, use 'uselibpqcompat=true&sslmode=require'See https://www.postgresql.org/docs/current/libpq-ssl.html for libpq SSL mode definitions.(Use `node --trace-warnings ...` to show where the warning was created)",prj_0uY6sP1BovUpUs0SMT2UEdQaI4AY,,,,,,,
2026-07-16 20:30:46,1784233846929,clientumlatam-9jsu7uoim-clientumlatam-4461s-projects.vercel.app/api/auth/me,GET,,401,nc24x-1784233846868-0b3a9751413c,"Mozilla/5.0 (X11; Linux x86_64) AppleWebKit/537.36 (KHTML, like Gecko) HeadlessChrome/141.0.7390.0 Safari/537.36",info,preview,fix/pnpm-hoisting,MISS,function,/api/index,clientumlatam-9jsu7uoim-clientumlatam-4461s-projects.vercel.app,clientumlatam-9jsu7uoim-clientumlatam-4461s-projects.vercel.app,dpl_6aUWKwKtGFrJ1um4EZ3zdkvKpUs2,,,,,[Auth] Tabla users lista.,prj_0uY6sP1BovUpUs0SMT2UEdQaI4AY,,,,,,,
2026-07-16 20:30:46,1784233846929,clientumlatam-9jsu7uoim-clientumlatam-4461s-projects.vercel.app/api/auth/me,GET,,401,nc24x-1784233846868-0b3a9751413c,"Mozilla/5.0 (X11; Linux x86_64) AppleWebKit/537.36 (KHTML, like Gecko) HeadlessChrome/141.0.7390.0 Safari/537.36",info,preview,fix/pnpm-hoisting,MISS,function,/api/index,clientumlatam-9jsu7uoim-clientumlatam-4461s-projects.vercel.app,clientumlatam-9jsu7uoim-clientumlatam-4461s-projects.vercel.app,dpl_6aUWKwKtGFrJ1um4EZ3zdkvKpUs2,,,,,[Chatbot Leads] Tabla chatbot_leads lista.,prj_0uY6sP1BovUpUs0SMT2UEdQaI4AY,,,,,,,
2026-07-16 20:30:46,1784233846929,clientumlatam-9jsu7uoim-clientumlatam-4461s-projects.vercel.app/api/auth/me,GET,,401,nc24x-1784233846868-0b3a9751413c,"Mozilla/5.0 (X11; Linux x86_64) AppleWebKit/537.36 (KHTML, like Gecko) HeadlessChrome/141.0.7390.0 Safari/537.36",info,preview,fix/pnpm-hoisting,MISS,function,/api/index,clientumlatam-9jsu7uoim-clientumlatam-4461s-projects.vercel.app,clientumlatam-9jsu7uoim-clientumlatam-4461s-projects.vercel.app,dpl_6aUWKwKtGFrJ1um4EZ3zdkvKpUs2,,,,,[Santi] Tablas santi_leads / santi_brochures / santi_notes listas.,prj_0uY6sP1BovUpUs0SMT2UEdQaI4AY,,,,,,,
2026-07-16 20:30:46,1784233846868,clientumlatam-9jsu7uoim-clientumlatam-4461s-projects.vercel.app/api/auth/me,GET,,401,nc24x-1784233846868-0b3a9751413c,"Mozilla/5.0 (X11; Linux x86_64) AppleWebKit/537.36 (KHTML, like Gecko) HeadlessChrome/141.0.7390.0 Safari/537.36",,preview,fix/pnpm-hoisting,MISS,function,/api/index,clientumlatam-9jsu7uoim-clientumlatam-4461s-projects.vercel.app,clientumlatam-9jsu7uoim-clientumlatam-4461s-projects.vercel.app,dpl_6aUWKwKtGFrJ1um4EZ3zdkvKpUs2,23,iad1,269,2048,,prj_0uY6sP1BovUpUs0SMT2UEdQaI4AY,,,01KXP9ZT3W28TFB7PBVNAFYQ4R,ebOnd3bZfAEH,1,,
